evolution$generation,evolution$evaluated,seed,generator,objective$c1avg,objective$c1std,objective$c2avg,objective$c2std,objective$c3avg,objective$c3std,generator,seed,c3avg,c2avg,c1avg,c3std,c2std,c1std
300,300,27325.766788088906,zipf,0.8431055417468325,0.08191844075524049,0.7956683549391282,0.1042877398563324,86.68631564585749,7.393993262133304,zipf,27325.766788088906,86.68631564585749,0.7956683549391282,0.8431055417468325,7.393993262133304,0.1042877398563324,0.08191844075524049
300,300,16836.06462743692,random,0.6467655628640878,0.08347421118091743,0.6755160457420587,0.1305599398460557,17.59693831469184,12.470893881789083,random,16836.06462743692,17.59693831469184,0.6755160457420587,0.6467655628640878,12.470893881789083,0.1305599398460557,0.08347421118091743
300,300,54610.705632858444,split,0.7994732758377614,0.06809195974309924,0.052313270101654166,0.0401987551074778,80.06853651193542,3.0701800299285873,split,54610.705632858444,80.06853651193542,0.052313270101654166,0.7994732758377614,3.0701800299285873,0.0401987551074778,0.06809195974309924
300,300,31528.406954077072,uniform,0.5936707621405123,0.34012823957981053,0.6315844190692429,0.16511889657467935,9.837703532109089,12.555310870251787,uniform,31528.406954077072,9.837703532109089,0.6315844190692429,0.5936707621405123,12.555310870251787,0.16511889657467935,0.34012823957981053
300,300,48508.219409855345,uniform,0.08749934745191505,0.029011262788776953,0.9177202233003515,0.08529510751154923,64.40746385903901,5.711840430537714,uniform,48508.219409855345,64.40746385903901,0.9177202233003515,0.08749934745191505,5.711840430537714,0.08529510751154923,0.029011262788776953
300,300,93644.46309757876,zipf,0.8039367927011769,0.17233686272614662,0.6590748815324222,0.2449152603689819,73.82014520285135,27.532710152926565,zipf,93644.46309757876,73.82014520285135,0.6590748815324222,0.8039367927011769,27.532710152926565,0.2449152603689819,0.17233686272614662
300,300,-100000.0,random,0.38413598776815233,0.04415975071374766,0.12320390236751365,0.051603035253490276,19.047537246385698,2.615116421769353,random,-100000.0,19.047537246385698,0.12320390236751365,0.38413598776815233,2.615116421769353,0.051603035253490276,0.04415975071374766
300,300,-41872.960559875064,uniform,0.2565734152221028,0.42962581455578475,0.06369872397328598,0.126917418455233,24.028229657927124,39.507580406322205,uniform,-41872.960559875064,24.028229657927124,0.06369872397328598,0.2565734152221028,39.507580406322205,0.126917418455233,0.42962581455578475
300,300,65384.10583841131,split,0.4473976727647509,0.3229150129314614,0.19232784173103717,0.03463633635216953,40.39841044670668,12.392046805532104,split,65384.10583841131,40.39841044670668,0.19232784173103717,0.4473976727647509,12.392046805532104,0.03463633635216953,0.3229150129314614
300,300,-65894.31948121177,uniform,0.0810647737357638,0.19953629068423615,0.08627202206159393,0.23244986373691212,10.09248758488139,24.619405559994817,uniform,-65894.31948121177,10.09248758488139,0.08627202206159393,0.0810647737357638,24.619405559994817,0.23244986373691212,0.19953629068423615
300,300,48503.53193401283,random,0.47443384337861233,0.29663781871467654,0.46408152706313927,0.330342839001509,53.498404471144816,31.752979124991363,random,48503.53193401283,53.498404471144816,0.46408152706313927,0.47443384337861233,31.752979124991363,0.330342839001509,0.29663781871467654
300,300,89838.85932143367,zipf,0.6940550963535153,0.30091262159888865,0.7374793535990272,0.0737550146448766,31.96433340646014,33.99119605785838,zipf,89838.85932143367,31.96433340646014,0.7374793535990272,0.6940550963535153,33.99119605785838,0.0737550146448766,0.30091262159888865
300,300,31355.32282117341,zipf,0.8394131613816245,0.031146550977343666,0.14757507531992697,0.12831895782934935,46.333882682831465,7.374016859265888,zipf,31355.32282117341,46.333882682831465,0.14757507531992697,0.8394131613816245,7.374016859265888,0.12831895782934935,0.031146550977343666
300,300,63548.45061427218,uniform,0.5671347298527927,0.07690483361825723,0.04576943215747575,0.01835184953134489,30.492987952345707,0.14311259739920215,uniform,63548.45061427218,30.492987952345707,0.04576943215747575,0.5671347298527927,0.14311259739920215,0.01835184953134489,0.07690483361825723
300,300,-100000.0,uniform,0.10415733656867694,0.073470222659587,0.5124365709293429,0.14535746259921717,64.24903033887693,21.33554817712515,uniform,-100000.0,64.24903033887693,0.5124365709293429,0.10415733656867694,21.33554817712515,0.14535746259921717,0.073470222659587
300,300,-626.4746706342848,zipf,0.30397233100299503,0.12263243954514547,0.6292083118473473,0.34983840805067234,76.57029034267752,16.571737995170974,zipf,-626.4746706342848,76.57029034267752,0.6292083118473473,0.30397233100299503,16.571737995170974,0.34983840805067234,0.12263243954514547
300,300,46775.97668871988,zipf,0.6973191487230379,0.19516948858382266,0.7582600855654116,0.1768775476920484,30.57417591643613,24.24106081816178,zipf,46775.97668871988,30.57417591643613,0.7582600855654116,0.6973191487230379,24.24106081816178,0.1768775476920484,0.19516948858382266
300,300,8502.859687820848,zipf,0.3743430758532928,0.2937101338719313,0.4916093784540114,0.4283517700815728,25.490256688804877,21.220703703355305,zipf,8502.859687820848,25.490256688804877,0.4916093784540114,0.3743430758532928,21.220703703355305,0.4283517700815728,0.2937101338719313
300,300,-4745.64649399741,uniform,0.3806313850424128,0.17899072952947492,0.7694294348388944,0.25936470357518127,37.3512888533942,32.83279314357373,uniform,-4745.64649399741,37.3512888533942,0.7694294348388944,0.3806313850424128,32.83279314357373,0.25936470357518127,0.17899072952947492
300,300,13595.563407207374,uniform,0.38777693598972784,0.24372076354399086,0.21904707640112328,0.13893178686964355,67.11388382806183,8.551640607773976,uniform,13595.563407207374,67.11388382806183,0.21904707640112328,0.38777693598972784,8.551640607773976,0.13893178686964355,0.24372076354399086
300,300,-952.4868331003236,zipf,0.3873896994070328,0.33231406088288756,0.39117387946344456,0.33830992184047215,36.18944003253155,34.81399262189609,zipf,-952.4868331003236,36.18944003253155,0.39117387946344456,0.3873896994070328,34.81399262189609,0.33830992184047215,0.33231406088288756
300,300,57275.36543040979,random,0.5132922217096492,0.05991219854675128,0.22712798446920157,0.1610053759321446,38.053432096011775,19.65912519566834,random,57275.36543040979,38.053432096011775,0.22712798446920157,0.5132922217096492,19.65912519566834,0.1610053759321446,0.05991219854675128
300,300,1290.173154487653,random,0.1717608206033007,0.21252794981491302,0.8004079055668296,0.2531931175702737,72.3295259762366,7.082745388512873,random,1290.173154487653,72.3295259762366,0.8004079055668296,0.1717608206033007,7.082745388512873,0.2531931175702737,0.21252794981491302
300,300,83147.27275754191,zipf,0.31863175930755155,0.1754886169322272,0.4604812834167643,0.3951807947100948,32.03067954298,9.365700886202715,zipf,83147.27275754191,32.03067954298,0.4604812834167643,0.31863175930755155,9.365700886202715,0.3951807947100948,0.1754886169322272
300,300,48487.25687737766,split,0.4596332993886758,0.13629826750218163,0.7269966061378511,0.1937217182932737,52.26304065900396,35.99216941578576,split,48487.25687737766,52.26304065900396,0.7269966061378511,0.4596332993886758,35.99216941578576,0.1937217182932737,0.13629826750218163
300,300,15250.530679369142,uniform,0.1568210799280297,0.03413200712080932,0.5691168692787921,0.30764820357771544,33.972018411137704,9.494636100439699,uniform,15250.530679369142,33.972018411137704,0.5691168692787921,0.1568210799280297,9.494636100439699,0.30764820357771544,0.03413200712080932
300,300,-12453.296961428117,split,0.4956923987579009,0.46149911544798644,0.06547186744826276,0.13148350986647342,25.674207254195867,22.92093057762267,split,-12453.296961428117,25.674207254195867,0.06547186744826276,0.4956923987579009,22.92093057762267,0.13148350986647342,0.46149911544798644
300,300,-52989.30049218873,split,0.17323223934157206,0.2898554918493426,0.19306015983191607,0.3125282844177406,16.197030168033546,26.084847051333295,split,-52989.30049218873,16.197030168033546,0.19306015983191607,0.17323223934157206,26.084847051333295,0.3125282844177406,0.2898554918493426
300,300,45765.04468261739,random,0.17269018496383753,0.22089340970073917,0.2600032626347985,0.3485120007715392,0.3671031391173536,3.6174167713669227,random,45765.04468261739,0.3671031391173536,0.2600032626347985,0.17269018496383753,3.6174167713669227,0.3485120007715392,0.22089340970073917
300,300,57849.61238900607,zipf,0.718324550250651,0.2364402001570359,0.5303519643388888,0.18415014763490525,50.471642548326884,13.998088239524154,zipf,57849.61238900607,50.471642548326884,0.5303519643388888,0.718324550250651,13.998088239524154,0.18415014763490525,0.2364402001570359
300,300,41858.79110637863,split,0.5317942462855411,0.033329171382762264,0.44951763887248547,0.029666141550666877,55.729932011263465,16.60713064180408,split,41858.79110637863,55.729932011263465,0.44951763887248547,0.5317942462855411,16.60713064180408,0.029666141550666877,0.033329171382762264
300,300,46855.242351196095,split,0.24036106217086936,0.3057616580997138,0.6413462419205186,0.03411224784743692,37.1856065232823,5.8487870070711026,split,46855.242351196095,37.1856065232823,0.6413462419205186,0.24036106217086936,5.8487870070711026,0.03411224784743692,0.3057616580997138
300,300,-61314.07246822164,uniform,0.6622196424768564,0.14280470322510308,0.8504138916115407,0.18118287589579532,24.794069014158364,13.620012318940992,uniform,-61314.07246822164,24.794069014158364,0.8504138916115407,0.6622196424768564,13.620012318940992,0.18118287589579532,0.14280470322510308
300,300,46250.483972112095,zipf,0.29864879983887854,0.18556714064579205,0.5972143923921248,0.18210909915056347,65.97817805609716,14.280911909072925,zipf,46250.483972112095,65.97817805609716,0.5972143923921248,0.29864879983887854,14.280911909072925,0.18210909915056347,0.18556714064579205
300,300,-46674.30643717746,uniform,0.6409173862115801,0.15911379726292119,0.5796799410648897,0.05387107363805761,21.44836053679033,23.677749651271846,uniform,-46674.30643717746,21.44836053679033,0.5796799410648897,0.6409173862115801,23.677749651271846,0.05387107363805761,0.15911379726292119
300,300,-551.0448282633151,uniform,0.17850889719497257,0.019950715227480938,0.9156225502234533,0.02794952500557934,24.662399560941793,1.7035948800084553,uniform,-551.0448282633151,24.662399560941793,0.9156225502234533,0.17850889719497257,1.7035948800084553,0.02794952500557934,0.019950715227480938
300,300,95534.13119977666,uniform,0.32202350873426666,0.29207309976905843,0.7356016458659793,0.25238541703267797,55.39752574942943,18.774937096764855,uniform,95534.13119977666,55.39752574942943,0.7356016458659793,0.32202350873426666,18.774937096764855,0.25238541703267797,0.29207309976905843
300,300,24105.037128499956,random,0.1294039845199964,0.1784010953253579,0.5145418393713324,0.3652050981036252,60.14599766649104,15.848430684563832,random,24105.037128499956,60.14599766649104,0.5145418393713324,0.1294039845199964,15.848430684563832,0.3652050981036252,0.1784010953253579
300,300,-33532.82812983975,random,0.05926050476601813,0.11410965460467101,0.3753033698578562,0.46298837719970143,5.313171310208543,9.987658945927459,random,-33532.82812983975,5.313171310208543,0.3753033698578562,0.05926050476601813,9.987658945927459,0.46298837719970143,0.11410965460467101
300,300,-10014.29581626036,random,0.2762999511793975,0.3789265292505152,0.17857617594571987,0.029050329809778765,9.830367278044214,10.796437242400161,random,-10014.29581626036,9.830367278044214,0.17857617594571987,0.2762999511793975,10.796437242400161,0.029050329809778765,0.3789265292505152
300,300,-61180.93871834272,random,0.5859609308704548,0.2190940145893152,0.4600827391666796,0.10091163534795661,13.871737871349765,0.8362206097070642,random,-61180.93871834272,13.871737871349765,0.4600827391666796,0.5859609308704548,0.8362206097070642,0.10091163534795661,0.2190940145893152
300,300,41924.98041026571,split,0.23319038044132054,0.04340557512063516,0.45462509265736706,0.4021171465344056,94.00985671360856,1.7650308884905492,split,41924.98041026571,94.00985671360856,0.45462509265736706,0.23319038044132054,1.7650308884905492,0.4021171465344056,0.04340557512063516
300,300,-17157.37727207513,random,0.596929569227107,0.46480310693248167,0.7215631945934738,0.21075943534237374,50.454086059267496,15.141367409200141,random,-17157.37727207513,50.454086059267496,0.7215631945934738,0.596929569227107,15.141367409200141,0.21075943534237374,0.46480310693248167
300,300,-79636.93227494038,random,0.670526869361302,0.21915134278344,0.6558898234400345,0.15582283548535036,86.08270842085824,6.075910033600629,random,-79636.93227494038,86.08270842085824,0.6558898234400345,0.670526869361302,6.075910033600629,0.15582283548535036,0.21915134278344
300,300,-54387.46922081561,split,0.384241998965773,0.26299028630096954,0.34357470607223,0.32932972043187253,49.41442985565791,3.9671281166163146,split,-54387.46922081561,49.41442985565791,0.34357470607223,0.384241998965773,3.9671281166163146,0.32932972043187253,0.26299028630096954
300,300,-12793.923985511428,split,0.30774106280974123,0.4561984577624266,0.1724993612456968,0.25434205653790526,29.867759675998638,44.592858897001754,split,-12793.923985511428,29.867759675998638,0.1724993612456968,0.30774106280974123,44.592858897001754,0.25434205653790526,0.4561984577624266
300,300,-2602.022655021836,random,0.28927707623033233,0.29283301494323155,0.5194506869457397,0.20745194125392874,57.38735395141512,25.45554870936717,random,-2602.022655021836,57.38735395141512,0.5194506869457397,0.28927707623033233,25.45554870936717,0.20745194125392874,0.29283301494323155
300,300,-641.3356730346568,uniform,0.4823244245601426,0.3215390897223724,0.5282229624167178,0.31349617995014206,40.81251593295434,29.61207736896903,uniform,-641.3356730346568,40.81251593295434,0.5282229624167178,0.4823244245601426,29.61207736896903,0.31349617995014206,0.3215390897223724
300,300,-97704.35708546129,zipf,0.31439401230268554,0.3323394542081799,0.2717808687509869,0.3244609946601144,25.62540268918362,31.52186794074677,zipf,-97704.35708546129,25.62540268918362,0.2717808687509869,0.31439401230268554,31.52186794074677,0.3244609946601144,0.3323394542081799
300,300,-619.4477531290613,uniform,0.3402779344627108,0.1874298421704335,0.2073491439116037,0.2265249511821741,52.06877116698928,16.512377443365178,uniform,-619.4477531290613,52.06877116698928,0.2073491439116037,0.3402779344627108,16.512377443365178,0.2265249511821741,0.1874298421704335
300,300,29045.97166796241,zipf,0.6245020639789152,0.1380000169012125,0.7669053976968391,0.23152986980917883,59.40470629321819,25.747669345915675,zipf,29045.97166796241,59.40470629321819,0.7669053976968391,0.6245020639789152,25.747669345915675,0.23152986980917883,0.1380000169012125
300,300,-88041.7224553538,zipf,0.9242371317969988,0.06726409783774671,0.6562827924093484,0.2375761234259506,35.81752657646375,4.130136460280202,zipf,-88041.7224553538,35.81752657646375,0.6562827924093484,0.9242371317969988,4.130136460280202,0.2375761234259506,0.06726409783774671
300,300,-1998.033799676734,random,0.0730218598772841,0.19192820372400765,0.11295732441894443,0.2337757347531091,13.01882274837137,24.51594289266758,random,-1998.033799676734,13.01882274837137,0.11295732441894443,0.0730218598772841,24.51594289266758,0.2337757347531091,0.19192820372400765
300,300,71343.99852410992,split,0.4292022302587768,0.1656415730399116,0.4824825832681735,0.17885746999733668,62.282143913910986,13.761272860095872,split,71343.99852410992,62.282143913910986,0.4824825832681735,0.4292022302587768,13.761272860095872,0.17885746999733668,0.1656415730399116
300,300,-36584.51163965575,uniform,0.4513619075976172,0.22031006771258488,0.46761658266402684,0.052418769844639716,72.65527075437954,34.02520197722676,uniform,-36584.51163965575,72.65527075437954,0.46761658266402684,0.4513619075976172,34.02520197722676,0.052418769844639716,0.22031006771258488
300,300,49729.25139041466,uniform,0.3928808176651726,0.19582370084981432,0.622834072448878,0.07104356356071584,81.69023327210539,11.711272435071988,uniform,49729.25139041466,81.69023327210539,0.622834072448878,0.3928808176651726,11.711272435071988,0.07104356356071584,0.19582370084981432
300,300,-40372.46474317158,zipf,0.2103165740524242,0.33347154336565815,0.2402779070926134,0.40381109709714413,9.065339230961994,12.917084235618432,zipf,-40372.46474317158,9.065339230961994,0.2402779070926134,0.2103165740524242,12.917084235618432,0.40381109709714413,0.33347154336565815
300,300,100000.0,split,0.34859760240925775,0.30552406344176897,0.33811361606276413,0.2964853036659974,42.49981559191539,33.782097770188024,split,100000.0,42.49981559191539,0.33811361606276413,0.34859760240925775,33.782097770188024,0.2964853036659974,0.30552406344176897
300,300,-52986.01182480192,split,0.7756640039787499,0.09969917777379961,0.3690266053890274,0.31802171620176584,28.140595558741232,1.5387781196283925,split,-52986.01182480192,28.140595558741232,0.3690266053890274,0.7756640039787499,1.5387781196283925,0.31802171620176584,0.09969917777379961
300,300,100000.0,zipf,0.19683343874747292,0.07802995334903791,0.2349278455000459,0.10281793315151452,68.49394344415816,12.527262869771132,zipf,100000.0,68.49394344415816,0.2349278455000459,0.19683343874747292,12.527262869771132,0.10281793315151452,0.07802995334903791
300,300,-65219.833002755855,random,0.2868120923024197,0.33136663749238726,0.2923762051024458,0.34630219319584876,26.12207550866879,31.20412513709938,random,-65219.833002755855,26.12207550866879,0.2923762051024458,0.2868120923024197,31.20412513709938,0.34630219319584876,0.33136663749238726
300,300,39984.60108145897,random,0.8361059752230058,0.17397276683529841,0.147867283410208,0.18678678807797247,25.47172298728352,5.424599784979648,random,39984.60108145897,25.47172298728352,0.147867283410208,0.8361059752230058,5.424599784979648,0.18678678807797247,0.17397276683529841
300,300,100000.0,zipf,0.3311770358150233,0.2425366611036982,0.3178990452921553,0.18732086261961076,80.6743964558727,14.360572540563275,zipf,100000.0,80.6743964558727,0.3178990452921553,0.3311770358150233,14.360572540563275,0.18732086261961076,0.2425366611036982
300,300,42828.709130008414,uniform,0.6171286351220275,0.011816469302004915,0.3247760838481617,0.07046446502625119,51.07034444876397,29.31195014157252,uniform,42828.709130008414,51.07034444876397,0.3247760838481617,0.6171286351220275,29.31195014157252,0.07046446502625119,0.011816469302004915
300,300,50517.16227806601,uniform,0.5405306999718222,0.18496255513910045,0.5912234134097856,0.32792057259816876,60.74466521756027,17.13436112809601,uniform,50517.16227806601,60.74466521756027,0.5912234134097856,0.5405306999718222,17.13436112809601,0.32792057259816876,0.18496255513910045
300,300,-725.3968476748123,random,0.278697534674007,0.44189430832388515,0.24643568422722545,0.4052127877958862,17.025787067584798,28.03050279848716,random,-725.3968476748123,17.025787067584798,0.24643568422722545,0.278697534674007,28.03050279848716,0.4052127877958862,0.44189430832388515
300,300,54707.86945359706,uniform,0.491289209645648,0.08278715646210566,0.467362650010066,0.03324375281232099,61.12701397501005,34.862624058665446,uniform,54707.86945359706,61.12701397501005,0.467362650010066,0.491289209645648,34.862624058665446,0.03324375281232099,0.08278715646210566
300,300,-11387.013913923074,uniform,0.38040336634528704,0.2712262787443888,0.5965120347361615,0.29622906165557095,36.14126516977146,26.33262187636549,uniform,-11387.013913923074,36.14126516977146,0.5965120347361615,0.38040336634528704,26.33262187636549,0.29622906165557095,0.2712262787443888
300,300,-8164.694286268277,split,0.735214006374014,0.09902028526222156,0.7314008390823996,0.062169255341462164,52.38370020702566,28.738987526862083,split,-8164.694286268277,52.38370020702566,0.7314008390823996,0.735214006374014,28.738987526862083,0.062169255341462164,0.09902028526222156
300,300,-68219.0147571032,uniform,0.7744855186051663,0.2717836613429395,0.6465320685680114,0.22865260434663934,66.98444263441387,17.4264986943671,uniform,-68219.0147571032,66.98444263441387,0.6465320685680114,0.7744855186051663,17.4264986943671,0.22865260434663934,0.2717836613429395
300,300,-727.3760728275083,uniform,0.2099823673884011,0.07150884039064886,0.6560900914762707,0.056124171491119826,37.21084891750639,1.4634860527962044,uniform,-727.3760728275083,37.21084891750639,0.6560900914762707,0.2099823673884011,1.4634860527962044,0.056124171491119826,0.07150884039064886
300,300,14699.828735115196,uniform,0.33106530018877806,0.22034190629711117,0.8003742481292511,0.26583068975764557,49.82501026852831,18.310783916428424,uniform,14699.828735115196,49.82501026852831,0.8003742481292511,0.33106530018877806,18.310783916428424,0.26583068975764557,0.22034190629711117
300,300,-9219.684777139075,split,0.13588011030079358,0.190607405608753,0.2821261875435572,0.3941170369606199,15.075161423772752,22.190785982980852,split,-9219.684777139075,15.075161423772752,0.2821261875435572,0.13588011030079358,22.190785982980852,0.3941170369606199,0.190607405608753
300,300,42953.03091373618,zipf,0.5406853850128036,0.3459441962034923,0.1348350343644797,0.09884650227259488,19.528530514204885,14.634750652465542,zipf,42953.03091373618,19.528530514204885,0.1348350343644797,0.5406853850128036,14.634750652465542,0.09884650227259488,0.3459441962034923
300,300,46314.027035320876,zipf,0.5289645394656898,0.3199119630853791,0.5341898141067254,0.30489917758175605,52.14194728286291,31.464697266476268,zipf,46314.027035320876,52.14194728286291,0.5341898141067254,0.5289645394656898,31.464697266476268,0.30489917758175605,0.3199119630853791
300,300,61664.072325896734,uniform,0.0972051900895417,0.0021837169070015395,0.3759851096185101,0.40571317211979013,21.90792462135006,12.585917095408083,uniform,61664.072325896734,21.90792462135006,0.3759851096185101,0.0972051900895417,12.585917095408083,0.40571317211979013,0.0021837169070015395
300,300,100000.0,zipf,0.2934378773797388,0.037850601730037264,0.4395541768440266,0.3082027573214518,15.195129905797568,9.514266725728069,zipf,100000.0,15.195129905797568,0.4395541768440266,0.2934378773797388,9.514266725728069,0.3082027573214518,0.037850601730037264
300,300,-7264.715658569825,split,0.9037310580361074,0.08581051000920303,0.2757508910978035,0.011232525636698817,34.252033854004914,7.2419371363304705,split,-7264.715658569825,34.252033854004914,0.2757508910978035,0.9037310580361074,7.2419371363304705,0.011232525636698817,0.08581051000920303
300,300,-54366.237416951975,split,0.22036709765312654,0.10905351723422031,0.7243659001584538,0.2776139051773756,48.66561035301841,33.64512632711578,split,-54366.237416951975,48.66561035301841,0.7243659001584538,0.22036709765312654,33.64512632711578,0.2776139051773756,0.10905351723422031
300,300,46813.690755804855,random,0.0,0.0,0.0,0.0,0.0,6.014485208831713,random,46813.690755804855,0.0,0.0,0.0,6.014485208831713,0.0,0.0
300,300,29159.221634153568,split,0.480053984504591,0.30380852364699507,0.919874755520054,0.12091025065629946,73.09973838756937,14.255686735984524,split,29159.221634153568,73.09973838756937,0.919874755520054,0.480053984504591,14.255686735984524,0.12091025065629946,0.30380852364699507
300,300,-46667.63525131309,random,0.5858666490327306,0.2932286152031056,0.7612968545399096,0.19201948557875487,72.97551951068303,32.130232218712,random,-46667.63525131309,72.97551951068303,0.7612968545399096,0.5858666490327306,32.130232218712,0.19201948557875487,0.2932286152031056
300,300,-84069.16461604713,uniform,0.6414595719089246,0.205561610047906,0.5322104222114914,0.30961332912614087,46.8081489682137,18.705137654450887,uniform,-84069.16461604713,46.8081489682137,0.5322104222114914,0.6414595719089246,18.705137654450887,0.30961332912614087,0.205561610047906
300,300,-60808.61880236738,split,0.45569166213417245,0.33354714885649717,0.5601971045108557,0.2889891979449324,50.01180058852274,30.87304317161663,split,-60808.61880236738,50.01180058852274,0.5601971045108557,0.45569166213417245,30.87304317161663,0.2889891979449324,0.33354714885649717
300,300,-94464.3767348545,split,0.6985416045813133,0.2949288278633691,0.6782857503531917,0.06827316599850174,86.71302032482072,8.121544446844604,split,-94464.3767348545,86.71302032482072,0.6782857503531917,0.6985416045813133,8.121544446844604,0.06827316599850174,0.2949288278633691
300,300,48484.39041131697,uniform,0.4047057752216616,0.26469803303976736,0.7819888904874921,0.34195423099905203,7.372269243577392,9.787774600873712,uniform,48484.39041131697,7.372269243577392,0.7819888904874921,0.4047057752216616,9.787774600873712,0.34195423099905203,0.26469803303976736
300,300,38528.98636104923,uniform,0.10017690095822898,0.14991837662911037,0.3705809595730783,0.17524892705324713,29.839846032602562,25.772394763853377,uniform,38528.98636104923,29.839846032602562,0.3705809595730783,0.10017690095822898,25.772394763853377,0.17524892705324713,0.14991837662911037
300,300,-628.4363740729168,uniform,0.6493281927791053,0.1918869830336927,0.375015336698323,0.06102962367890227,8.457628678754183,4.230404557836526,uniform,-628.4363740729168,8.457628678754183,0.375015336698323,0.6493281927791053,4.230404557836526,0.06102962367890227,0.1918869830336927
300,300,100000.0,zipf,0.49978312270197023,0.11103282762942669,0.6248206590621487,0.05742094456307666,24.38721465963995,26.254450072980035,zipf,100000.0,24.38721465963995,0.6248206590621487,0.49978312270197023,26.254450072980035,0.05742094456307666,0.11103282762942669
300,300,-77825.24482711697,random,0.7137555008454176,0.14979708528078617,0.23732742715080257,0.25652386381453984,61.779251077362424,20.066648552580403,random,-77825.24482711697,61.779251077362424,0.23732742715080257,0.7137555008454176,20.066648552580403,0.25652386381453984,0.14979708528078617
300,300,-33408.85232522068,random,0.5052292828076738,0.18250908550034542,0.5305776794836459,0.21394011559698467,31.386084391837894,20.249371819359926,random,-33408.85232522068,31.386084391837894,0.5305776794836459,0.5052292828076738,20.249371819359926,0.21394011559698467,0.18250908550034542
300,300,26943.910373135484,random,0.8048926897071732,0.23552198266738655,0.38730066730923796,0.12157088280419488,69.33980575232688,27.333452399508225,random,26943.910373135484,69.33980575232688,0.38730066730923796,0.8048926897071732,27.333452399508225,0.12157088280419488,0.23552198266738655
300,300,3876.644653076044,split,0.6107202921010778,0.18553130306125556,0.2769122233584188,0.10127215213509955,77.06689413837839,0.2529844289961428,split,3876.644653076044,77.06689413837839,0.2769122233584188,0.6107202921010778,0.2529844289961428,0.10127215213509955,0.18553130306125556
300,300,-58874.6221986025,uniform,0.445872899393776,0.2631937548082584,0.5810256001838637,0.09557139385400742,13.964037478014118,9.904763007701268,uniform,-58874.6221986025,13.964037478014118,0.5810256001838637,0.445872899393776,9.904763007701268,0.09557139385400742,0.2631937548082584
300,300,61579.33705196911,split,0.5299034889616376,0.27460899492265145,0.5255071012511818,0.24636685446378373,38.91651751882204,30.80656071281328,split,61579.33705196911,38.91651751882204,0.5255071012511818,0.5299034889616376,30.80656071281328,0.24636685446378373,0.27460899492265145
300,300,-10083.12334624883,random,0.32833985320221515,0.25611406681654175,0.8001238633660459,0.10213723850178813,38.062548923593205,5.8170295925085025,random,-10083.12334624883,38.062548923593205,0.8001238633660459,0.32833985320221515,5.8170295925085025,0.10213723850178813,0.25611406681654175
300,300,50517.39753934066,zipf,0.19377537602536207,0.029464287257492856,0.4420426092426212,0.26732316720050125,73.54337858585592,11.850199401138896,zipf,50517.39753934066,73.54337858585592,0.4420426092426212,0.19377537602536207,11.850199401138896,0.26732316720050125,0.029464287257492856
300,300,62461.33550713549,random,0.39720462047580973,0.1538657290271266,0.49514670529079224,0.10382370329508302,44.89578249700804,11.760240421780527,random,62461.33550713549,44.89578249700804,0.49514670529079224,0.39720462047580973,11.760240421780527,0.10382370329508302,0.1538657290271266
300,300,-1613.39174155613,split,0.7075453293384443,0.38345241859061735,0.3660589240852618,0.33321711737953597,69.75502486008887,27.58303499210706,split,-1613.39174155613,69.75502486008887,0.3660589240852618,0.7075453293384443,27.58303499210706,0.33321711737953597,0.38345241859061735
300,300,-1920.4645175126498,random,0.3344654913443408,0.3403488640402971,0.13522988629714297,0.13243311515159145,25.601643529497043,26.695136330666504,random,-1920.4645175126498,25.601643529497043,0.13522988629714297,0.3344654913443408,26.695136330666504,0.13243311515159145,0.3403488640402971
300,300,-57938.67330990326,zipf,0.1746382094214789,0.15243977150459628,0.3380362236560184,0.05343749757302978,43.06039983141721,27.262322301769863,zipf,-57938.67330990326,43.06039983141721,0.3380362236560184,0.1746382094214789,27.262322301769863,0.05343749757302978,0.15243977150459628
300,300,42107.69550342954,zipf,0.38532714934694795,0.2938569194214766,0.4582341473915264,0.2566813223117412,49.21868124407708,33.011006411889234,zipf,42107.69550342954,49.21868124407708,0.4582341473915264,0.38532714934694795,33.011006411889234,0.2566813223117412,0.2938569194214766
300,300,-323.5833433237567,zipf,0.0,0.0,0.0,0.0,0.0,0.0,zipf,-323.5833433237567,0.0,0.0,0.0,0.0,0.0,0.0
300,300,-60928.78530844748,random,0.4874797981418802,0.09903230056900543,0.7525396938871599,0.06994830086994329,93.66319752379015,2.805099227839417,random,-60928.78530844748,93.66319752379015,0.7525396938871599,0.4874797981418802,2.805099227839417,0.06994830086994329,0.09903230056900543
300,300,-31791.434139118748,split,0.6710920162131684,0.08796676579800729,0.6044123243719821,0.30494579936784955,71.99964823675701,9.878388980701112,split,-31791.434139118748,71.99964823675701,0.6044123243719821,0.6710920162131684,9.878388980701112,0.30494579936784955,0.08796676579800729
300,300,30125.891271620392,uniform,0.22922121252040584,0.16470112825634256,0.40456754669406403,0.18882411817604058,41.7317408405174,19.24935623554698,uniform,30125.891271620392,41.7317408405174,0.40456754669406403,0.22922121252040584,19.24935623554698,0.18882411817604058,0.16470112825634256
300,300,-31833.22905104309,random,0.930862089527377,0.12467932210185109,0.285809636512647,0.08068202357194584,18.0796994817776,6.579690616582017,random,-31833.22905104309,18.0796994817776,0.285809636512647,0.930862089527377,6.579690616582017,0.08068202357194584,0.12467932210185109
300,300,46795.94848316876,zipf,0.446124904881092,0.4152113438509727,0.5835780945670073,0.27683903155426787,21.277459035374914,22.226396160646427,zipf,46795.94848316876,21.277459035374914,0.5835780945670073,0.446124904881092,22.226396160646427,0.27683903155426787,0.4152113438509727
300,300,10298.860290258279,split,0.30700528022071255,0.03920781988081572,0.36769170403279944,0.0340704455844112,65.96849650183184,5.631436880914443,split,10298.860290258279,65.96849650183184,0.36769170403279944,0.30700528022071255,5.631436880914443,0.0340704455844112,0.03920781988081572
300,300,46834.859093998326,uniform,0.5494432754403413,0.31085594132095967,0.4382761069960814,0.2554361095972563,73.79485655095856,24.045725035308784,uniform,46834.859093998326,73.79485655095856,0.4382761069960814,0.5494432754403413,24.045725035308784,0.2554361095972563,0.31085594132095967
300,300,57116.64186535249,uniform,0.7162736208526287,0.09616077467145005,0.7272176488868364,0.10495767002327162,49.57340272301788,25.232855551924356,uniform,57116.64186535249,49.57340272301788,0.7272176488868364,0.7162736208526287,25.232855551924356,0.10495767002327162,0.09616077467145005
300,300,-41411.860530961676,zipf,0.14624319088682894,0.19117425707170843,0.10409242056525274,0.13267501902732043,24.13874696302025,30.441665351392547,zipf,-41411.860530961676,24.13874696302025,0.10409242056525274,0.14624319088682894,30.441665351392547,0.13267501902732043,0.19117425707170843
300,300,-57717.34008668274,split,0.2283053788203179,0.40527530214562096,0.19697877958391763,0.3686994644509875,14.87322663181752,26.834041496934436,split,-57717.34008668274,14.87322663181752,0.19697877958391763,0.2283053788203179,26.834041496934436,0.3686994644509875,0.40527530214562096
300,300,29159.201845090938,random,0.6048934468651489,0.2664201560620735,0.7458659019808087,0.09995084394761258,28.08850022947145,10.68433441670473,random,29159.201845090938,28.08850022947145,0.7458659019808087,0.6048934468651489,10.68433441670473,0.09995084394761258,0.2664201560620735
300,300,-100000.0,uniform,0.0983651782867691,0.17382754807513223,0.18740956876542963,0.17608836394987656,29.911581268946044,26.76953919381383,uniform,-100000.0,29.911581268946044,0.18740956876542963,0.0983651782867691,26.76953919381383,0.17608836394987656,0.17382754807513223
300,300,15517.475042373844,zipf,0.5363496376096307,0.4049373100936568,0.2668705704037045,0.04922349043869771,23.000479958808697,20.928504677981596,zipf,15517.475042373844,23.000479958808697,0.2668705704037045,0.5363496376096307,20.928504677981596,0.04922349043869771,0.4049373100936568
300,300,-8566.178893765391,zipf,0.593819594454816,0.2272016952898818,0.46629680098164966,0.12713193722447658,80.19461105163442,6.8668176295597885,zipf,-8566.178893765391,80.19461105163442,0.46629680098164966,0.593819594454816,6.8668176295597885,0.12713193722447658,0.2272016952898818
300,300,41037.08846015713,zipf,0.7808274563189922,0.11727821348879357,0.21415458847068414,0.0580067552597804,83.19195045747256,3.0964312082941077,zipf,41037.08846015713,83.19195045747256,0.21415458847068414,0.7808274563189922,3.0964312082941077,0.0580067552597804,0.11727821348879357
300,300,46079.73061048231,random,0.4665349629243135,0.27882856699188974,0.7265027853790555,0.23837244734047086,72.07489928880591,15.793279075104284,random,46079.73061048231,72.07489928880591,0.7265027853790555,0.4665349629243135,15.793279075104284,0.23837244734047086,0.27882856699188974
300,300,44285.30571199671,uniform,0.3728233434795038,0.3285291247888472,0.8074423754398365,0.11754733658659308,61.701732829774755,15.290451779446357,uniform,44285.30571199671,61.701732829774755,0.8074423754398365,0.3728233434795038,15.290451779446357,0.11754733658659308,0.3285291247888472
300,300,35271.40353279465,uniform,0.4424087591484598,0.3197850119581208,0.6080797024491729,0.13059267482639747,46.33376858990587,26.641439766132077,uniform,35271.40353279465,46.33376858990587,0.6080797024491729,0.4424087591484598,26.641439766132077,0.13059267482639747,0.3197850119581208
300,300,-41708.11160649681,random,0.48461843118984205,0.18394890871441077,0.33974395448898376,0.2259860600725661,34.91683883066801,31.110208279305834,random,-41708.11160649681,34.91683883066801,0.33974395448898376,0.48461843118984205,31.110208279305834,0.2259860600725661,0.18394890871441077
300,300,-86916.63218023567,random,0.7114549965150124,0.0020905251590298277,0.45616407034074363,0.37134977410497116,65.23660366432034,7.888223230961773,random,-86916.63218023567,65.23660366432034,0.45616407034074363,0.7114549965150124,7.888223230961773,0.37134977410497116,0.0020905251590298277
300,300,-3608.3160885241814,random,0.6197679259452471,0.09263538401052701,0.4776258793801342,0.2043041938791382,49.19371856858872,18.96985555535609,random,-3608.3160885241814,49.19371856858872,0.4776258793801342,0.6197679259452471,18.96985555535609,0.2043041938791382,0.09263538401052701
300,300,-57723.46671041857,uniform,0.7012401326717793,0.3413859553414784,0.7089614137586507,0.1176868895131223,32.32753066212795,22.937184611293016,uniform,-57723.46671041857,32.32753066212795,0.7089614137586507,0.7012401326717793,22.937184611293016,0.1176868895131223,0.3413859553414784
300,300,-80583.80229194912,split,0.6366678718289803,0.11934026004972373,0.09250802084717379,0.07673768283003375,29.833665987841083,11.55945373076747,split,-80583.80229194912,29.833665987841083,0.09250802084717379,0.6366678718289803,11.55945373076747,0.07673768283003375,0.11934026004972373
300,300,-33117.90238556698,uniform,0.2121734551426738,0.29920326911134904,0.25152561024691933,0.3366725911636632,67.11274225706525,20.786985047098145,uniform,-33117.90238556698,67.11274225706525,0.25152561024691933,0.2121734551426738,20.786985047098145,0.3366725911636632,0.29920326911134904
300,300,-26316.557821907496,uniform,0.6552426530519362,0.19664992654354163,0.25189094775672216,0.04559478042930374,29.20710473201499,30.412968525440487,uniform,-26316.557821907496,29.20710473201499,0.25189094775672216,0.6552426530519362,30.412968525440487,0.04559478042930374,0.19664992654354163
300,300,-62166.05393252474,zipf,0.2293802235128195,0.07160083360539907,0.9663822078960118,0.013861340258036831,27.34365300507294,10.460726333883235,zipf,-62166.05393252474,27.34365300507294,0.9663822078960118,0.2293802235128195,10.460726333883235,0.013861340258036831,0.07160083360539907
300,300,-51554.28713954254,split,0.10310433107073275,0.24452121904811275,0.10715474662385001,0.24132462853352235,8.834551291469154,20.717338640538518,split,-51554.28713954254,8.834551291469154,0.10715474662385001,0.10310433107073275,20.717338640538518,0.24132462853352235,0.24452121904811275
300,300,47567.44335505139,zipf,0.30416756434241127,0.4590357923139182,0.277284496909632,0.4167148524669869,18.467214565776676,28.33578792250273,zipf,47567.44335505139,18.467214565776676,0.277284496909632,0.30416756434241127,28.33578792250273,0.4167148524669869,0.4590357923139182
300,300,63379.95187402342,uniform,0.0953345171698463,0.25816709292508583,0.10040850221914166,0.28560719867620044,7.48896578437191,23.813393465941903,uniform,63379.95187402342,7.48896578437191,0.10040850221914166,0.0953345171698463,23.813393465941903,0.28560719867620044,0.25816709292508583
300,300,-15107.732226513122,uniform,0.27790913122852656,0.0032394658264253543,0.4393059956424438,0.23149088391025707,65.39345168965963,12.18403828137219,uniform,-15107.732226513122,65.39345168965963,0.4393059956424438,0.27790913122852656,12.18403828137219,0.23149088391025707,0.0032394658264253543
300,300,-87543.65430853209,random,0.3944046321785859,0.3440498106288663,0.46364858256560815,0.32333490748870836,46.90802029124618,32.61621512481302,random,-87543.65430853209,46.90802029124618,0.46364858256560815,0.3944046321785859,32.61621512481302,0.32333490748870836,0.3440498106288663
300,300,64116.96237830023,uniform,0.730654869141519,0.009346759553249817,0.37280605030020014,0.11571938481716547,36.4948822151446,1.3227484518257073,uniform,64116.96237830023,36.4948822151446,0.37280605030020014,0.730654869141519,1.3227484518257073,0.11571938481716547,0.009346759553249817
300,300,-94584.72397826806,uniform,0.8406899296985912,0.13049995808761516,0.7966816791672505,0.07864988292667184,11.714855895904547,11.03094115450478,uniform,-94584.72397826806,11.714855895904547,0.7966816791672505,0.8406899296985912,11.03094115450478,0.07864988292667184,0.13049995808761516
300,300,40167.57411636447,random,0.2510183960468205,0.3267684844713078,0.7575140765509201,0.2496032446473017,42.781535679482865,19.71997583993647,random,40167.57411636447,42.781535679482865,0.7575140765509201,0.2510183960468205,19.71997583993647,0.2496032446473017,0.3267684844713078
300,300,-8622.961404903836,random,0.382899598199319,0.08672029112419441,0.42418451480233615,0.037251949508715285,78.77155556959173,22.274006132905953,random,-8622.961404903836,78.77155556959173,0.42418451480233615,0.382899598199319,22.274006132905953,0.037251949508715285,0.08672029112419441
300,300,39712.93625299027,random,0.5051280227807112,0.18606935330540544,0.6248925656886848,0.22598749244222532,35.00007335568343,11.792922288664611,random,39712.93625299027,35.00007335568343,0.6248925656886848,0.5051280227807112,11.792922288664611,0.22598749244222532,0.18606935330540544
300,300,61485.09924268033,zipf,0.7492480424504849,0.36076886363802224,0.6175880622041994,0.018152237965873553,22.737762894365222,7.173690860252422,zipf,61485.09924268033,22.737762894365222,0.6175880622041994,0.7492480424504849,7.173690860252422,0.018152237965873553,0.36076886363802224
300,300,-63970.99774479793,uniform,0.42372276264840864,0.37464572480452907,0.3389743892256243,0.33575842320732413,16.9809636982756,17.958648729602608,uniform,-63970.99774479793,16.9809636982756,0.3389743892256243,0.42372276264840864,17.958648729602608,0.33575842320732413,0.37464572480452907
300,300,12888.248692005174,split,0.07199694958807729,0.09731508277300503,0.11538097702443993,0.11701517326903647,54.02675179731723,46.95401164618413,split,12888.248692005174,54.02675179731723,0.11538097702443993,0.07199694958807729,46.95401164618413,0.11701517326903647,0.09731508277300503
300,300,64930.61122848344,random,0.16132751336331297,0.016941524593765786,0.20848342484069826,0.27053730907969953,53.251331421948116,5.144099826561565,random,64930.61122848344,53.251331421948116,0.20848342484069826,0.16132751336331297,5.144099826561565,0.27053730907969953,0.016941524593765786
300,300,33276.918789910735,split,0.35821474973089734,0.1583345792957871,0.42584702764337945,0.07076663116704586,56.56301576330882,2.63782702309686,split,33276.918789910735,56.56301576330882,0.42584702764337945,0.35821474973089734,2.63782702309686,0.07076663116704586,0.1583345792957871
300,300,93314.23623597866,random,0.5634651687586415,0.2047756097849127,0.770563087541169,0.2702453421096917,68.33969717537352,22.813986420843676,random,93314.23623597866,68.33969717537352,0.770563087541169,0.5634651687586415,22.813986420843676,0.2702453421096917,0.2047756097849127
300,300,-98765.07821591043,split,0.46540281514832005,0.26881693942884755,0.39568028833007757,0.24456922642045714,27.450391101850485,36.17647409794671,split,-98765.07821591043,27.450391101850485,0.39568028833007757,0.46540281514832005,36.17647409794671,0.24456922642045714,0.26881693942884755
300,300,60470.15127879128,split,0.02454540204280542,0.07804940407723893,0.07381640647864113,0.22144921943592338,2.660659132504936,7.256343088649824,split,60470.15127879128,2.660659132504936,0.07381640647864113,0.02454540204280542,7.256343088649824,0.22144921943592338,0.07804940407723893
300,300,53932.43022812132,random,0.6035348147328443,0.007309380309334153,0.7100801720594306,0.14152407209860068,88.07113825981827,7.264853379082361,random,53932.43022812132,88.07113825981827,0.7100801720594306,0.6035348147328443,7.264853379082361,0.14152407209860068,0.007309380309334153
300,300,-17532.86294144945,uniform,0.24454172960977957,0.24819756845235963,0.18340986466591125,0.20940262349198607,25.576965924559474,26.38941268402762,uniform,-17532.86294144945,25.576965924559474,0.18340986466591125,0.24454172960977957,26.38941268402762,0.20940262349198607,0.24819756845235963
300,300,-18417.68968473692,uniform,0.5172013838920083,0.2849617261271154,0.5016196531972674,0.33834540777878075,54.48428848010478,27.957618343928786,uniform,-18417.68968473692,54.48428848010478,0.5016196531972674,0.5172013838920083,27.957618343928786,0.33834540777878075,0.2849617261271154
300,300,100000.0,random,0.19341997998628838,0.19314435053025614,0.24161518651577546,0.08593842947492125,23.269146251244475,11.428124811464661,random,100000.0,23.269146251244475,0.24161518651577546,0.19341997998628838,11.428124811464661,0.08593842947492125,0.19314435053025614
300,300,100000.0,split,0.8454021165142032,0.09161130668523441,0.8382907521520441,6.222449395757943E-4,52.89547482952573,19.931151679690995,split,100000.0,52.89547482952573,0.8382907521520441,0.8454021165142032,19.931151679690995,6.222449395757943E-4,0.09161130668523441
300,300,27044.177332900857,split,0.272278840110321,0.11409841351820557,0.3384089377393849,0.04949120492291076,63.954681822955266,8.258861611649953,split,27044.177332900857,63.954681822955266,0.3384089377393849,0.272278840110321,8.258861611649953,0.04949120492291076,0.11409841351820557
300,300,-1845.9234893230605,uniform,0.1587803058362539,0.3037268834807974,0.18100903424201673,0.3462476631635498,24.07215748515429,41.694214231859256,uniform,-1845.9234893230605,24.07215748515429,0.18100903424201673,0.1587803058362539,41.694214231859256,0.3462476631635498,0.3037268834807974
300,300,-12960.72395943955,zipf,0.698347924173072,0.2306242055579442,0.6482745634267464,0.3006435752790588,81.90060429175685,29.41602834378633,zipf,-12960.72395943955,81.90060429175685,0.6482745634267464,0.698347924173072,29.41602834378633,0.3006435752790588,0.2306242055579442
300,300,15769.491593420826,random,0.8311349615876137,0.10041666267079152,0.8382129715347257,6.64375791131335E-4,53.96435829922117,20.79081426222237,random,15769.491593420826,53.96435829922117,0.8382129715347257,0.8311349615876137,20.79081426222237,6.64375791131335E-4,0.10041666267079152
300,300,42849.05099205236,zipf,0.13329906693809915,0.04694943867099817,0.37935047380669873,0.43942330056801154,39.01290317360199,40.58709598231162,zipf,42849.05099205236,39.01290317360199,0.37935047380669873,0.13329906693809915,40.58709598231162,0.43942330056801154,0.04694943867099817
300,300,-83474.19941079346,random,0.2636642174491537,0.21786079523915874,0.3961768880007934,0.18353178212837964,44.7112021966086,45.27154406184176,random,-83474.19941079346,44.7112021966086,0.3961768880007934,0.2636642174491537,45.27154406184176,0.18353178212837964,0.21786079523915874
300,300,-8369.963825453131,split,0.8234680385154636,0.11478775127533764,0.31248750716921075,0.3135699238821242,86.96919829429434,5.497815517421585,split,-8369.963825453131,86.96919829429434,0.31248750716921075,0.8234680385154636,5.497815517421585,0.3135699238821242,0.11478775127533764
300,300,46770.340870309854,random,0.6657172391450108,0.2510942590714255,0.35168399823341007,0.14712580644034337,59.89829741954908,44.915297172848526,random,46770.340870309854,59.89829741954908,0.35168399823341007,0.6657172391450108,44.915297172848526,0.14712580644034337,0.2510942590714255
300,300,-37143.07275932833,random,0.48412073179832954,0.190202358684513,0.6268032454892604,0.2682734243946188,83.74311326860703,15.43351661073647,random,-37143.07275932833,83.74311326860703,0.6268032454892604,0.48412073179832954,15.43351661073647,0.2682734243946188,0.190202358684513
300,300,-40179.611563526196,random,0.7034981407455966,0.23144038113273221,0.9285182369011448,0.03030318932097215,37.2507001651,12.269031451129175,random,-40179.611563526196,37.2507001651,0.9285182369011448,0.7034981407455966,12.269031451129175,0.03030318932097215,0.23144038113273221
300,300,-100000.0,zipf,0.44987762884074456,0.20136111297423653,0.5442888238880251,0.13268659232282876,51.65094966397165,6.445906048022752,zipf,-100000.0,51.65094966397165,0.5442888238880251,0.44987762884074456,6.445906048022752,0.13268659232282876,0.20136111297423653
300,300,-41961.72648731773,split,0.9176564601933441,0.04673683352131627,0.5167819841128628,0.016702520763818195,39.5224640616945,15.946146586976278,split,-41961.72648731773,39.5224640616945,0.5167819841128628,0.9176564601933441,15.946146586976278,0.016702520763818195,0.04673683352131627
300,300,-3054.096587564374,uniform,0.34026233300061415,0.06931741138485106,0.803153743903521,0.0023246278851250892,34.87403043996463,2.9536640939118515,uniform,-3054.096587564374,34.87403043996463,0.803153743903521,0.34026233300061415,2.9536640939118515,0.0023246278851250892,0.06931741138485106
300,300,26861.997647689524,split,0.25144912257641794,0.36814283756375926,0.13511712379002877,0.22428027541190762,27.800028356118943,37.554083131963495,split,26861.997647689524,27.800028356118943,0.13511712379002877,0.25144912257641794,37.554083131963495,0.22428027541190762,0.36814283756375926
300,300,-58998.69281149758,split,0.36400406400473223,0.08716320701751597,0.28109695555835357,0.19743300315587858,31.156650776264865,26.716101076662603,split,-58998.69281149758,31.156650776264865,0.28109695555835357,0.36400406400473223,26.716101076662603,0.19743300315587858,0.08716320701751597
300,300,-31729.018028274193,random,0.21691164537373428,0.31873316968146104,0.08252627389230473,0.11818812837314521,13.955239980001728,24.099566194789176,random,-31729.018028274193,13.955239980001728,0.08252627389230473,0.21691164537373428,24.099566194789176,0.11818812837314521,0.31873316968146104
300,300,27551.748176537323,uniform,0.7347923010444408,0.23496517841636858,0.7360440193911362,0.17620181828245862,45.929548320355536,19.086196039419704,uniform,27551.748176537323,45.929548320355536,0.7360440193911362,0.7347923010444408,19.086196039419704,0.17620181828245862,0.23496517841636858
300,300,48085.81805845891,uniform,0.6349695540263199,0.202835071016472,0.42577581210439464,0.1658099307481966,17.283862469750442,7.7813451066041015,uniform,48085.81805845891,17.283862469750442,0.42577581210439464,0.6349695540263199,7.7813451066041015,0.1658099307481966,0.202835071016472
300,300,52752.6612930859,zipf,0.5522272589586891,0.2596616537618346,0.365080660631088,0.32875568274226524,69.13536844726735,32.54733289955945,zipf,52752.6612930859,69.13536844726735,0.365080660631088,0.5522272589586891,32.54733289955945,0.32875568274226524,0.2596616537618346
300,300,26127.208315422075,zipf,0.5132234608141935,0.236785309761667,0.4343708339226779,0.31125015323144023,64.31157086245456,32.48998766063367,zipf,26127.208315422075,64.31157086245456,0.4343708339226779,0.5132234608141935,32.48998766063367,0.31125015323144023,0.236785309761667
300,300,4267.86340991527,split,0.33920648558587685,0.06800107237044169,0.3676024775808291,0.37539127988989757,28.970968365765874,5.839678405960958,split,4267.86340991527,28.970968365765874,0.3676024775808291,0.33920648558587685,5.839678405960958,0.37539127988989757,0.06800107237044169
300,300,46380.690166946646,uniform,0.5181028262285796,0.14134690868166347,0.14944435355307076,0.07296559859755458,15.51902589003696,21.03471965372848,uniform,46380.690166946646,15.51902589003696,0.14944435355307076,0.5181028262285796,21.03471965372848,0.07296559859755458,0.14134690868166347
300,300,-71727.85289396145,random,0.589756282400302,0.18659208989054374,0.6650514991137244,0.19011960302291392,42.34377761959163,26.45599012507532,random,-71727.85289396145,42.34377761959163,0.6650514991137244,0.589756282400302,26.45599012507532,0.19011960302291392,0.18659208989054374
300,300,-94580.64054996459,uniform,0.6043109301169534,0.20774072146130412,0.09897285436308131,0.05904958413078378,20.46665064826793,7.750324105663235,uniform,-94580.64054996459,20.46665064826793,0.09897285436308131,0.6043109301169534,7.750324105663235,0.05904958413078378,0.20774072146130412
300,300,682.7612202001619,random,0.47764790878043223,0.43204878963343635,0.3816589204802528,0.3663185721351048,43.76493511576545,39.49880450360818,random,682.7612202001619,43.76493511576545,0.3816589204802528,0.47764790878043223,39.49880450360818,0.3663185721351048,0.43204878963343635
300,300,60503.984392352664,zipf,0.24606566241930383,0.037791229075859516,0.5226167345080502,0.1313733140892099,44.492933160980364,11.455383145082465,zipf,60503.984392352664,44.492933160980364,0.5226167345080502,0.24606566241930383,11.455383145082465,0.1313733140892099,0.037791229075859516
300,300,-2142.6171083202644,zipf,0.15483764517816886,0.16682322952271605,0.6522877385019114,0.0759912522096213,30.857996180447408,30.92479388234635,zipf,-2142.6171083202644,30.857996180447408,0.6522877385019114,0.15483764517816886,30.92479388234635,0.0759912522096213,0.16682322952271605
300,300,-43079.651621723504,uniform,0.6653317624556663,0.19285893840519924,0.2673302190017913,0.1981959291319519,22.56859014434096,1.6472164341527866,uniform,-43079.651621723504,22.56859014434096,0.2673302190017913,0.6653317624556663,1.6472164341527866,0.1981959291319519,0.19285893840519924
300,300,-29742.580947384602,uniform,0.5256674327756925,0.3213993872072644,0.5191144126560646,0.2974618264357959,39.80311741892713,29.504081523886548,uniform,-29742.580947384602,39.80311741892713,0.5191144126560646,0.5256674327756925,29.504081523886548,0.2974618264357959,0.3213993872072644
300,300,29789.491299879024,uniform,0.3161322273266792,0.17945643273506265,0.6559240928925253,0.11493201023952393,86.35429788840058,1.4731190999186035,uniform,29789.491299879024,86.35429788840058,0.6559240928925253,0.3161322273266792,1.4731190999186035,0.11493201023952393,0.17945643273506265
300,300,78977.48241448199,uniform,0.00938271348064731,0.06437227969181604,0.15338123008066978,0.2522038804219737,24.11276870210912,38.232470408666664,uniform,78977.48241448199,24.11276870210912,0.15338123008066978,0.00938271348064731,38.232470408666664,0.2522038804219737,0.06437227969181604
300,300,-79979.62594265529,uniform,0.35206625030322974,0.1698652000019036,0.530916859179246,0.31771558859799787,40.386531075617405,13.551688009915884,uniform,-79979.62594265529,40.386531075617405,0.530916859179246,0.35206625030322974,13.551688009915884,0.31771558859799787,0.1698652000019036
300,300,-41438.395789021095,random,0.3982148146625857,0.28790964355449045,0.5364520027226455,0.31542604821312376,54.79480380932663,31.617591956896383,random,-41438.395789021095,54.79480380932663,0.5364520027226455,0.3982148146625857,31.617591956896383,0.31542604821312376,0.28790964355449045
300,300,-31411.858453826542,uniform,0.3202700936469682,0.24774893152300098,0.5654454549593602,0.12724455859341766,54.092448866920776,27.018428320672566,uniform,-31411.858453826542,54.092448866920776,0.5654454549593602,0.3202700936469682,27.018428320672566,0.12724455859341766,0.24774893152300098
300,300,-56545.859639772025,random,0.7341106999424308,0.06614036898194318,0.49742678171899307,0.15719705331285605,33.40468044931246,12.456266096126772,random,-56545.859639772025,33.40468044931246,0.49742678171899307,0.7341106999424308,12.456266096126772,0.15719705331285605,0.06614036898194318
300,300,56303.201132588845,random,0.4638294142777499,0.30724678713388504,0.4945940504746258,0.31944856505512825,45.665877519079714,28.340248699178858,random,56303.201132588845,45.665877519079714,0.4945940504746258,0.4638294142777499,28.340248699178858,0.31944856505512825,0.30724678713388504
300,300,51957.82034211751,zipf,0.15259238861726543,0.0737688397971614,0.5084801338279822,0.09735220941622302,39.936773268166704,36.04276748669299,zipf,51957.82034211751,39.936773268166704,0.5084801338279822,0.15259238861726543,36.04276748669299,0.09735220941622302,0.0737688397971614
300,300,100000.0,zipf,0.46899232606200025,0.3101219072128948,0.493159022176632,0.28649431647551826,52.80374797868034,29.3517598757268,zipf,100000.0,52.80374797868034,0.493159022176632,0.46899232606200025,29.3517598757268,0.28649431647551826,0.3101219072128948
300,300,-15321.078011555219,split,0.7104925795151619,0.2977392307487599,0.6757727672260893,0.05831978779166602,87.24244137630417,8.235124026510132,split,-15321.078011555219,87.24244137630417,0.6757727672260893,0.7104925795151619,8.235124026510132,0.05831978779166602,0.2977392307487599
300,300,59232.201421101374,split,0.5246169546432212,0.30375651299646894,0.6908219255696082,0.08668932026795433,50.39083901398826,33.531783641154085,split,59232.201421101374,50.39083901398826,0.6908219255696082,0.5246169546432212,33.531783641154085,0.08668932026795433,0.30375651299646894
300,300,100000.0,random,0.4666875659442703,0.12683303639131396,0.5681002057544616,0.06939394027728292,83.26956562255592,8.74752377358972,random,100000.0,83.26956562255592,0.5681002057544616,0.4666875659442703,8.74752377358972,0.06939394027728292,0.12683303639131396
300,300,41895.02732672758,split,0.2884474887029278,0.3345508674898906,0.2021899708616033,0.1570340961649878,29.329760992384323,36.14424817632596,split,41895.02732672758,29.329760992384323,0.2021899708616033,0.2884474887029278,36.14424817632596,0.1570340961649878,0.3345508674898906
300,300,-55816.584790234614,uniform,0.6272429307190466,0.07943931396333799,0.49013499480702827,0.3876001841103132,31.098838647074302,6.881793931142693,uniform,-55816.584790234614,31.098838647074302,0.49013499480702827,0.6272429307190466,6.881793931142693,0.3876001841103132,0.07943931396333799
300,300,-51658.30714535449,split,0.5258381551700515,0.20649778732145332,0.7891184138771692,0.03865880167437382,58.79784843335295,3.697202863004724,split,-51658.30714535449,58.79784843335295,0.7891184138771692,0.5258381551700515,3.697202863004724,0.03865880167437382,0.20649778732145332
300,300,31407.46470140692,uniform,0.11892861293939173,0.07568355179358743,0.4250892775360257,0.10353085548959252,51.48042898487695,18.874080656762683,uniform,31407.46470140692,51.48042898487695,0.4250892775360257,0.11892861293939173,18.874080656762683,0.10353085548959252,0.07568355179358743
300,300,-55816.60405211646,uniform,0.5039861610056157,0.3338699256949228,0.4827680049617051,0.302352449447138,48.39864710197463,31.018674509372943,uniform,-55816.60405211646,48.39864710197463,0.4827680049617051,0.5039861610056157,31.018674509372943,0.302352449447138,0.3338699256949228
300,300,100000.0,random,0.4621734489906239,0.21979648542835128,0.22893299265857192,0.15720561982699416,34.3052107746657,24.75367639254642,random,100000.0,34.3052107746657,0.22893299265857192,0.4621734489906239,24.75367639254642,0.15720561982699416,0.21979648542835128
300,300,43865.20964070287,zipf,0.5929718085075332,0.4355058626545092,0.6358658647889388,0.04574820637361253,17.438548943011213,4.541209760077064,zipf,43865.20964070287,17.438548943011213,0.6358658647889388,0.5929718085075332,4.541209760077064,0.04574820637361253,0.4355058626545092
300,300,-9946.925153569813,split,0.5167139926311873,0.051968757932705126,0.5799478609660648,0.14437818651962317,40.294165470656374,12.895998138656562,split,-9946.925153569813,40.294165470656374,0.5799478609660648,0.5167139926311873,12.895998138656562,0.14437818651962317,0.051968757932705126
300,300,55368.26646967832,random,0.6592035962534447,0.14674420412628367,0.31660741547326576,0.3448640498510709,68.6147433048595,23.712429690733167,random,55368.26646967832,68.6147433048595,0.31660741547326576,0.6592035962534447,23.712429690733167,0.3448640498510709,0.14674420412628367
300,300,57454.23945405448,split,0.5060080436235332,0.27235395977433735,0.5916696302321998,0.18843432263870552,70.68739655862868,17.821765774953548,split,57454.23945405448,70.68739655862868,0.5916696302321998,0.5060080436235332,17.821765774953548,0.18843432263870552,0.27235395977433735
300,300,44487.38310833226,random,0.16813179248192736,0.09826233032313628,0.3399238590963312,0.31395982756935825,5.590237372277792,5.367111615845327,random,44487.38310833226,5.590237372277792,0.3399238590963312,0.16813179248192736,5.367111615845327,0.31395982756935825,0.09826233032313628
300,300,-38238.0557926011,uniform,0.4406356683834112,0.3966067021831956,0.546521744249808,0.06840541670182905,43.082249946025975,4.226615629602879,uniform,-38238.0557926011,43.082249946025975,0.546521744249808,0.4406356683834112,4.226615629602879,0.06840541670182905,0.3966067021831956
300,300,-2002.5327293185837,split,0.3279077172027248,0.4707053388291568,0.21325550255207182,0.30386499831864944,23.23539641256018,33.10781483873677,split,-2002.5327293185837,23.23539641256018,0.21325550255207182,0.3279077172027248,33.10781483873677,0.30386499831864944,0.4707053388291568
300,300,68651.0491658155,split,0.14911274165737345,0.15968661382351793,0.9285319837739634,0.12256602478458332,25.6926984240291,21.13425682805343,split,68651.0491658155,25.6926984240291,0.9285319837739634,0.14911274165737345,21.13425682805343,0.12256602478458332,0.15968661382351793
300,300,47567.4173681894,random,0.5913209344196962,0.27180794423229837,0.37633184077387805,0.016153927787859644,48.69675065272423,0.327406121966965,random,47567.4173681894,48.69675065272423,0.37633184077387805,0.5913209344196962,0.327406121966965,0.016153927787859644,0.27180794423229837
300,300,37207.31792272712,zipf,0.5461629912377317,0.2219353181697493,0.25437487800076464,0.20622088096067745,17.656174410402443,5.605755141859262,zipf,37207.31792272712,17.656174410402443,0.25437487800076464,0.5461629912377317,5.605755141859262,0.20622088096067745,0.2219353181697493
300,300,-53233.53303701045,random,0.45541063102476964,0.2976182679136275,0.6231520213601854,0.2949794470173542,25.518669894857716,19.460811788805128,random,-53233.53303701045,25.518669894857716,0.6231520213601854,0.45541063102476964,19.460811788805128,0.2949794470173542,0.2976182679136275
300,300,93661.1350878659,random,0.05646675834541471,0.14401904046985847,0.05764502596126059,0.12431185642596294,8.027580283339482,17.210335437751116,random,93661.1350878659,8.027580283339482,0.05764502596126059,0.05646675834541471,17.210335437751116,0.12431185642596294,0.14401904046985847
300,300,-61668.47762600278,zipf,0.4011607395570773,0.4010575319855711,0.20076873638090184,0.27930846226107664,43.71337611900598,35.13679173281741,zipf,-61668.47762600278,43.71337611900598,0.20076873638090184,0.4011607395570773,35.13679173281741,0.27930846226107664,0.4010575319855711
300,300,-46282.44012946033,split,0.4946837994516734,0.007367269243684321,0.821726820497279,0.026033035132956753,29.064958108670417,8.523092001094895,split,-46282.44012946033,29.064958108670417,0.821726820497279,0.4946837994516734,8.523092001094895,0.026033035132956753,0.007367269243684321
300,300,-1186.452667921927,random,0.6769666066469668,0.3653730720703985,0.49258674021466836,0.3539771798098483,77.62156746740939,9.11767417265682,random,-1186.452667921927,77.62156746740939,0.49258674021466836,0.6769666066469668,9.11767417265682,0.3539771798098483,0.3653730720703985
300,300,-57693.68553826518,zipf,0.5308987058055694,0.007937884569357088,0.5258038617357275,0.2338287426780557,48.09025382597724,4.252246332248476,zipf,-57693.68553826518,48.09025382597724,0.5258038617357275,0.5308987058055694,4.252246332248476,0.2338287426780557,0.007937884569357088
300,300,4629.016327725505,split,0.6451790599930074,0.05337835934928338,0.25399731886690374,0.23304914653693704,77.43262448968659,1.389503749720731,split,4629.016327725505,77.43262448968659,0.25399731886690374,0.6451790599930074,1.389503749720731,0.23304914653693704,0.05337835934928338
300,300,-58188.86796206137,split,0.3748417724413,0.19239903991689136,0.5345019543052646,0.07138769329693424,29.46685011689939,0.5040758120843719,split,-58188.86796206137,29.46685011689939,0.5345019543052646,0.3748417724413,0.5040758120843719,0.07138769329693424,0.19239903991689136
300,300,100000.0,uniform,0.4779574293811312,0.2933524840741258,0.4797985072087407,0.2960218560944759,51.882908447792325,31.411581378709784,uniform,100000.0,51.882908447792325,0.4797985072087407,0.4779574293811312,31.411581378709784,0.2960218560944759,0.2933524840741258
300,300,98166.17350063764,split,0.32839878913720894,0.33623354278265605,0.24331495827046834,0.2851130251770455,29.36378929540504,31.76978463253975,split,98166.17350063764,29.36378929540504,0.24331495827046834,0.32839878913720894,31.76978463253975,0.2851130251770455,0.33623354278265605
300,300,-816.3294771297224,zipf,0.474925227258507,0.22979829161475512,0.516060897824667,0.22866008171703275,49.36674293167749,21.0000942350512,zipf,-816.3294771297224,49.36674293167749,0.516060897824667,0.474925227258507,21.0000942350512,0.22866008171703275,0.22979829161475512
